{
  "Olivia Rodrigo": [
    148.33984375,
    1982.7288266143223,
    0.08339778288131021,
    0.23126188417275748,
    4062.2525222339646,
    2255.25539591352,
    -88.35304737091064,
    102.50421396891277,
    -1.4747060139973958,
    23.772321065266926,
    8.693999767303467,
    5.702410697937012,
    3.8378135363260903,
    3.4399729122718177,
    0.4516259431838989,
    -0.387945294380188,
    -6.674239635467529,
    0.13271013895670572,
    -8.109201272328695
  ],
  "Drake": [
    108.13210227272727,
    2321.968441054117,
    0.07981854347545604,
    0.25343839824199677,
    4970.034428962459,
    2480.7078871003323,
    -95.46215565999348,
    90.44899495442708,
    7.793631235758464,
    13.133758227030436,
    9.379813353220621,
    7.7692341804504395,
    -3.0603124300638833,
    2.40836234887441,
    -7.016979694366455,
    1.9689699382288381,
    -1.5090636014938354,
    3.165366470813751,
    -2.4224400520324707
  ],
  "Bad Bunny": [
    112.55992542613637,
    2462.252325271177,
    0.09863107764668144,
    0.24431803822517395,
    5277.753574359031,
    2489.4613337627734,
    -89.67369079589844,
    76.92337036132812,
    -0.6188609600067139,
    22.32618522644043,
    5.141483545303345,
    5.289842009544373,
    4.0106218457221985,
    9.154616832733154,
    -9.964983940124512,
    8.000879287719727,
    -1.9524652361869812,
    3.704726219177246,
    1.51785546541214
  ],
  "Michael Jackson": [
    131.25,
    2819.843489710722,
    0.11600912683160948,
    0.1490677446126938,
    6342.222328967308,
    2880.3743681989545,
    -112.48677444458008,
    73.21229553222656,
    20.313600063323975,
    15.985043207804361,
    2.1451913515726724,
    4.840459823608398,
    -0.9667210578918457,
    3.334708829720815,
    -1.471421887477239,
    3.9691119641065598,
    -3.634697695573171,
    -0.025556365648905437,
    -3.9267210960388184
  ],
  "Taylor Swift": [
    133.44846841768745,
    2400.906103496374,
    0.10676375754705131,
    0.21485344072182974,
    5062.497130945408,
    2537.0083798571886,
    -73.25022761027019,
    90.3555399576823,
    -3.5610859791437783,
    16.002129872639973,
    10.29111099243164,
    4.257427295049031,
    9.697046438852945,
    1.0943759282430012,
    3.337736884752909,
    6.059933185577393,
    -7.233893076578776,
    3.0365430315335593,
    -2.3486515879631042
  ]
}